Number_of_Riders,Number_of_Drivers,Location_enc,Loyalty_enc,Number_of_Past_Rides,Average_Ratings,Time_enc,Vehicle_enc,Expected_Ride_Duration,demand_supply_ratio,high_demand_flag,low_supply_flag,surge_indicator,rider_driver_diff,is_premium,is_night,is_loyal_gold
54,7,2,1,91,3.75,3,0,97,6.75,0,1,0,47,0,1,0
33,14,1,1,87,4.81,1,1,17,2.2,0,0,0,19,1,0,0
68,23,1,0,96,4.77,2,0,105,2.8333333333333335,0,0,0,45,0,0,1
61,23,1,2,51,4.73,1,1,150,2.5416666666666665,0,0,0,38,1,0,0
35,24,1,0,73,3.76,1,1,105,1.4,0,0,0,11,1,0,1
75,56,1,0,94,4.79,1,1,153,1.3157894736842106,0,0,0,19,1,0,1
22,6,2,2,82,4.3,2,1,172,3.142857142857143,0,1,0,16,1,0,0
73,50,2,1,7,4.22,3,0,45,1.4313725490196079,0,0,0,23,0,1,0
92,49,2,2,9,4.23,1,1,89,1.84,1,0,0,43,1,0,0
89,54,1,0,48,4.38,0,0,24,1.6181818181818182,1,0,0,35,0,0,1
79,67,0,0,56,4.01,1,1,151,1.161764705882353,0,0,0,12,1,0,1
74,39,2,2,11,3.65,2,0,173,1.85,0,0,0,35,0,0,0
57,44,2,0,78,3.53,1,0,153,1.2666666666666666,0,0,0,13,0,0,1
96,80,2,1,47,3.77,2,0,70,1.1851851851851851,1,0,0,16,0,0,0
40,15,2,1,90,3.62,3,1,42,2.5,0,0,0,25,1,1,0
61,35,0,2,4,4.77,2,1,115,1.6944444444444444,0,0,0,26,1,0,0
45,13,0,1,96,4.84,3,0,112,3.2142857142857144,0,0,0,32,0,1,0
78,31,2,0,6,3.78,1,1,64,2.4375,0,0,0,47,1,0,1
99,6,1,0,49,4.32,0,0,113,14.142857142857142,1,1,1,93,0,0,1
81,23,2,0,39,4.3,1,0,143,3.375,0,0,0,58,0,0,1
22,7,1,0,73,4.91,2,1,73,2.75,0,1,0,15,1,0,1
100,66,1,0,27,3.53,1,1,106,1.492537313432836,1,0,0,34,1,0,1
77,43,1,1,73,4.07,0,1,131,1.75,0,0,0,34,1,0,0
97,58,2,0,1,4.11,2,1,83,1.6440677966101696,1,0,0,39,1,0,1
32,14,2,0,75,4.49,3,0,177,2.1333333333333333,0,0,0,18,0,1,1
48,38,1,2,64,4.97,3,1,152,1.2307692307692308,0,0,0,10,1,1,0
42,31,0,2,0,3.99,0,1,76,1.3125,0,0,0,11,1,0,0
55,42,1,2,24,4.49,0,0,45,1.2790697674418605,0,0,0,13,0,0,0
46,31,1,0,67,3.53,2,0,61,1.4375,0,0,0,15,0,0,1
88,7,0,0,11,3.64,3,1,130,11.0,1,1,1,81,1,1,1
68,40,1,2,58,4.64,2,1,68,1.6585365853658536,0,0,0,28,1,0,0
84,59,1,2,67,4.27,2,1,164,1.4,1,0,0,25,1,0,0
82,26,2,0,35,4.71,2,0,114,3.037037037037037,1,0,0,56,0,0,1
59,35,2,2,83,3.51,3,0,128,1.6388888888888888,0,0,0,24,0,1,0
43,16,2,2,40,4.89,3,1,106,2.5294117647058822,0,0,0,27,1,1,0
41,14,1,2,59,4.72,2,1,49,2.7333333333333334,0,0,0,27,1,0,0
31,14,2,0,37,4.3,3,1,103,2.066666666666667,0,0,0,17,1,1,1
89,10,0,2,36,4.12,0,1,13,8.090909090909092,1,1,1,79,1,0,0
27,11,2,1,97,4.78,1,1,137,2.25,0,0,0,16,1,0,0
49,30,0,2,57,4.83,1,0,154,1.5806451612903225,0,0,0,19,0,0,0
89,74,0,2,41,4.89,2,1,115,1.1866666666666668,1,0,0,15,1,0,0
33,18,2,0,90,3.61,1,1,146,1.736842105263158,0,0,0,15,1,0,1
96,23,2,0,8,4.23,2,1,90,4.0,1,0,0,73,1,0,1
69,37,1,1,47,4.39,1,1,60,1.8157894736842106,0,0,0,32,1,0,0
67,44,2,1,27,4.69,2,0,129,1.488888888888889,0,0,0,23,0,0,0
71,25,2,0,72,4.46,1,0,169,2.730769230769231,0,0,0,46,0,0,1
49,12,1,2,30,4.37,0,1,84,3.769230769230769,0,0,0,37,1,0,0
29,6,1,2,24,4.37,0,0,50,4.142857142857143,0,1,0,23,0,0,0
56,13,0,1,36,4.81,1,0,162,4.0,0,0,0,43,0,0,0
27,6,2,0,2,4.42,3,0,86,3.857142857142857,0,1,0,21,0,1,1
86,17,2,1,99,4.69,2,0,167,4.777777777777778,1,0,0,69,0,0,0
94,76,1,0,26,4.7,2,1,94,1.2207792207792207,1,0,0,18,1,0,1
64,19,1,1,35,4.02,0,0,39,3.2,0,0,0,45,0,0,0
56,29,2,0,67,4.49,0,0,125,1.8666666666666667,0,0,0,27,0,0,1
23,9,1,2,50,3.84,1,1,34,2.3,0,1,0,14,1,0,0
64,10,1,0,75,3.61,2,1,155,5.818181818181818,0,1,0,54,1,0,1
42,30,2,1,26,4.79,0,0,138,1.3548387096774193,0,0,0,12,0,0,0
34,12,1,2,38,4.18,0,0,24,2.6153846153846154,0,0,0,22,0,0,0
48,12,2,2,51,4.63,3,1,32,3.6923076923076925,0,0,0,36,1,1,0
93,23,1,2,34,4.23,1,1,125,3.875,1,0,0,70,1,0,0
74,54,2,1,16,4.35,0,1,147,1.3454545454545455,0,0,0,20,1,0,0
25,7,0,1,24,3.85,1,1,144,3.125,0,1,0,18,1,0,0
69,22,0,2,25,4.41,3,1,74,3.0,0,0,0,47,1,1,0
100,50,2,2,83,4.91,2,1,173,1.9607843137254901,1,0,0,50,1,0,0
33,6,0,0,90,4.81,3,1,139,4.714285714285714,0,1,0,27,1,1,1
46,22,2,1,9,4.33,2,0,128,2.0,0,0,0,24,0,0,0
52,14,1,2,87,3.54,0,1,98,3.466666666666667,0,0,0,38,1,0,0
32,11,1,2,30,3.53,0,1,32,2.6666666666666665,0,0,0,21,1,0,0
58,31,1,2,32,4.87,1,1,85,1.8125,0,0,0,27,1,0,0
64,45,0,0,22,3.96,3,1,118,1.391304347826087,0,0,0,19,1,1,1
76,34,1,2,10,4.92,2,0,103,2.1714285714285713,0,0,0,42,0,0,0
54,24,0,2,85,3.79,1,0,102,2.16,0,0,0,30,0,0,0
49,30,0,2,86,3.62,0,1,69,1.5806451612903225,0,0,0,19,1,0,0
53,17,0,2,78,4.03,0,1,26,2.9444444444444446,0,0,0,36,1,0,0
38,8,2,2,78,3.57,3,0,114,4.222222222222222,0,1,0,30,0,1,0
79,24,2,2,0,4.26,1,0,82,3.16,0,0,0,55,0,0,0
52,36,0,2,1,4.52,2,1,36,1.4054054054054055,0,0,0,16,1,0,0
24,7,1,0,85,4.36,3,0,169,3.0,0,1,0,17,0,1,1
54,35,2,2,11,4.49,0,1,96,1.5,0,0,0,19,1,0,0
69,7,2,1,51,4.56,0,1,103,8.625,0,1,0,62,1,0,0
42,7,0,0,90,3.67,1,0,32,5.25,0,1,0,35,0,0,1
78,35,0,1,5,4.35,1,1,100,2.1666666666666665,0,0,0,43,1,0,0
34,24,2,2,3,4.41,2,0,97,1.36,0,0,0,10,0,0,0
72,62,1,1,48,3.82,1,0,126,1.1428571428571428,0,0,0,10,0,0,0
25,7,0,2,13,4.07,0,1,60,3.125,0,1,0,18,1,0,0
42,18,1,2,39,3.94,0,0,128,2.210526315789474,0,0,0,24,0,0,0
62,39,0,0,83,3.59,0,1,47,1.55,0,0,0,23,1,0,1
91,13,0,2,32,3.6,2,1,160,6.5,1,0,0,78,1,0,0
20,8,0,2,27,4.99,2,0,83,2.2222222222222223,0,1,0,12,0,0,0
44,16,0,2,31,3.96,3,1,122,2.588235294117647,0,0,0,28,1,1,0
81,8,0,2,78,4.8,0,1,141,9.0,0,1,0,73,1,0,0
20,8,1,2,38,4.82,3,1,155,2.2222222222222223,0,1,0,12,1,1,0
28,9,2,2,26,3.95,3,1,114,2.8,0,1,0,19,1,1,0
53,10,0,2,10,3.58,1,0,168,4.818181818181818,0,1,0,43,0,0,0
20,7,2,2,55,4.43,3,0,153,2.5,0,1,0,13,0,1,0
44,18,1,0,88,3.67,3,1,50,2.3157894736842106,0,0,0,26,1,1,1
92,31,0,2,54,3.91,3,1,148,2.875,1,0,0,61,1,1,0
49,18,0,2,62,4.92,0,0,62,2.5789473684210527,0,0,0,31,0,0,0
42,19,0,1,56,4.84,1,1,144,2.1,0,0,0,23,1,0,0
55,21,0,2,49,4.59,2,0,111,2.5,0,0,0,34,0,0,0
38,7,0,0,46,3.79,3,0,78,4.75,0,1,0,31,0,1,1
85,19,0,0,17,3.69,2,0,164,4.25,1,0,0,66,0,0,1
25,6,2,1,69,4.45,1,1,94,3.5714285714285716,0,1,0,19,1,0,0
91,64,1,1,26,4.56,2,1,96,1.4,1,0,0,27,1,0,0
30,7,0,0,57,4.27,2,1,69,3.75,0,1,0,23,1,0,1
48,24,2,2,35,4.2,3,1,51,1.92,0,0,0,24,1,1,0
83,50,0,1,7,3.66,1,1,100,1.6274509803921569,1,0,0,33,1,0,0
56,15,2,0,34,4.72,3,1,78,3.5,0,0,0,41,1,1,1
68,45,0,2,65,4.19,1,0,112,1.4782608695652173,0,0,0,23,0,0,0
37,14,0,0,18,4.36,1,0,85,2.466666666666667,0,0,0,23,0,0,1
95,25,2,0,26,3.62,2,0,81,3.6538461538461537,1,0,0,70,0,0,1
26,13,1,2,4,3.63,3,1,123,1.8571428571428572,0,0,0,13,1,1,0
57,37,2,0,59,3.92,1,0,159,1.5,0,0,0,20,0,0,1
71,36,1,2,69,4.37,2,0,110,1.9189189189189189,0,0,0,35,0,0,0
55,19,1,2,74,3.51,2,0,173,2.75,0,0,0,36,0,0,0
83,29,2,2,78,4.42,0,1,23,2.7666666666666666,1,0,0,54,1,0,0
64,22,2,1,26,4.24,1,1,115,2.782608695652174,0,0,0,42,1,0,0
33,8,1,1,74,4.52,2,1,56,3.6666666666666665,0,1,0,25,1,0,0
58,13,0,1,99,3.62,2,1,106,4.142857142857143,0,0,0,45,1,0,0
53,27,1,1,78,3.63,3,1,58,1.8928571428571428,0,0,0,26,1,1,0
90,45,2,2,13,4.47,3,1,90,1.9565217391304348,1,0,0,45,1,1,0
99,54,0,2,96,3.77,0,1,61,1.8,1,0,0,45,1,0,0
57,28,2,0,27,4.58,0,0,107,1.9655172413793103,0,0,0,29,0,0,1
30,7,0,1,85,3.74,1,0,44,3.75,0,1,0,23,0,0,0
60,16,1,1,28,3.91,1,0,105,3.5294117647058822,0,0,0,44,0,0,0
58,20,0,2,42,3.51,1,0,125,2.761904761904762,0,0,0,38,0,0,0
73,27,2,1,55,4.27,2,1,50,2.607142857142857,0,0,0,46,1,0,0
91,42,1,2,76,4.96,2,0,86,2.116279069767442,1,0,0,49,0,0,0
91,30,1,0,34,3.69,0,0,96,2.935483870967742,1,0,0,61,0,0,1
26,15,2,2,10,3.71,2,1,171,1.625,0,0,0,11,1,0,0
94,71,0,1,48,4.73,3,1,169,1.3055555555555556,1,0,0,23,1,1,0
67,56,2,0,49,4.22,0,1,23,1.1754385964912282,0,0,0,11,1,0,1
24,5,0,2,57,4.96,3,1,70,4.0,0,1,0,19,1,1,0
35,16,2,1,31,4.75,0,1,113,2.0588235294117645,0,0,0,19,1,0,0
85,6,1,0,92,4.11,0,0,73,12.142857142857142,1,1,1,79,0,0,1
97,18,1,1,53,4.25,3,1,26,5.105263157894737,1,0,0,79,1,1,0
34,8,1,2,51,4.09,0,1,130,3.7777777777777777,0,1,0,26,1,0,0
55,12,2,2,96,4.66,2,1,48,4.230769230769231,0,0,0,43,1,0,0
83,14,2,1,80,4.77,3,1,64,5.533333333333333,1,0,0,69,1,1,0
80,6,0,2,43,4.81,3,0,24,11.428571428571429,0,1,0,74,0,1,0
85,36,0,2,64,4.32,1,0,152,2.2972972972972974,1,0,0,49,0,0,0
73,6,1,2,5,4.03,3,1,71,10.428571428571429,0,1,0,67,1,1,0
84,8,0,0,21,4.63,3,0,172,9.333333333333334,1,1,1,76,0,1,1
63,53,0,0,33,4.33,0,0,175,1.1666666666666667,0,0,0,10,0,0,1
42,31,1,0,62,4.95,3,1,13,1.3125,0,0,0,11,1,1,1
57,26,1,2,92,4.11,0,1,58,2.111111111111111,0,0,0,31,1,0,0
44,28,0,1,31,4.92,3,1,132,1.5172413793103448,0,0,0,16,1,1,0
88,48,2,0,52,4.52,3,0,92,1.7959183673469388,1,0,0,40,0,1,1
61,34,2,0,82,3.99,3,1,10,1.7428571428571429,0,0,0,27,1,1,1
62,33,1,1,39,3.91,1,1,129,1.8235294117647058,0,0,0,29,1,0,0
25,6,0,1,23,3.95,2,1,55,3.5714285714285716,0,1,0,19,1,0,0
86,49,2,1,99,3.51,3,0,130,1.72,1,0,0,37,0,1,0
93,56,1,1,56,4.65,1,1,86,1.631578947368421,1,0,0,37,1,0,0
71,61,1,1,79,3.85,0,0,147,1.1451612903225807,0,0,0,10,0,0,0
53,33,0,1,40,3.8,2,1,139,1.5588235294117647,0,0,0,20,1,0,0
85,65,1,1,73,4.65,0,1,165,1.2878787878787878,1,0,0,20,1,0,0
41,9,0,2,73,3.51,2,0,150,4.1,0,1,0,32,0,0,0
47,37,1,0,64,3.75,2,0,31,1.236842105263158,0,0,0,10,0,0,1
93,43,1,1,44,4.41,0,1,16,2.1136363636363638,1,0,0,50,1,0,0
56,25,1,1,87,3.73,1,1,172,2.1538461538461537,0,0,0,31,1,0,0
71,6,1,0,48,4.05,0,0,157,10.142857142857142,0,1,0,65,0,0,1
59,37,0,2,86,4.67,3,1,95,1.5526315789473684,0,0,0,22,1,1,0
50,8,0,1,25,3.8,1,1,13,5.555555555555555,0,1,0,42,1,0,0
71,30,0,1,60,4.83,1,1,156,2.2903225806451615,0,0,0,41,1,0,0
88,55,0,1,56,4.0,3,1,26,1.5714285714285714,1,0,0,33,1,1,0
81,16,1,1,73,4.89,3,0,125,4.764705882352941,0,0,0,65,0,1,0
37,6,0,0,59,4.73,1,0,20,5.285714285714286,0,1,0,31,0,0,1
79,29,1,2,0,4.86,2,0,127,2.6333333333333333,0,0,0,50,0,0,0
41,7,0,0,68,4.3,1,1,66,5.125,0,1,0,34,1,0,1
89,16,1,1,27,4.86,0,0,161,5.235294117647059,1,0,0,73,0,0,0
49,6,0,2,23,4.65,3,1,69,7.0,0,1,0,43,1,1,0
35,13,0,2,80,3.8,0,0,93,2.5,0,0,0,22,0,0,0
54,39,0,0,88,4.59,1,0,42,1.35,0,0,0,15,0,0,1
52,9,1,1,24,4.19,2,0,102,5.2,0,1,0,43,0,0,0
35,17,2,1,78,4.4,1,1,61,1.9444444444444444,0,0,0,18,1,0,0
56,10,2,2,55,4.5,3,0,45,5.090909090909091,0,1,0,46,0,1,0
91,61,1,0,100,4.88,3,0,101,1.467741935483871,1,0,0,30,0,1,1
34,19,0,1,51,4.2,3,1,166,1.7,0,0,0,15,1,1,0
27,5,0,0,2,4.3,1,0,22,4.5,0,1,0,22,0,0,1
32,20,0,2,44,3.55,3,0,68,1.5238095238095237,0,0,0,12,0,1,0
49,29,1,1,35,4.8,1,1,160,1.6333333333333333,0,0,0,20,1,0,0
37,13,0,1,31,4.66,0,0,35,2.642857142857143,0,0,0,24,0,0,0
61,38,0,2,100,4.34,1,1,78,1.564102564102564,0,0,0,23,1,0,0
85,58,2,1,85,4.1,3,1,92,1.4406779661016949,1,0,0,27,1,1,0
48,19,1,0,72,3.81,3,1,65,2.4,0,0,0,29,1,1,1
25,11,2,2,92,3.91,3,0,115,2.0833333333333335,0,0,0,14,0,1,0
58,32,2,0,92,4.59,0,1,111,1.7575757575757576,0,0,0,26,1,0,1
66,15,2,2,88,4.21,1,1,65,4.125,0,0,0,51,1,0,0
60,50,1,2,54,4.57,0,1,38,1.1764705882352942,0,0,0,10,1,0,0
22,10,0,2,5,4.44,2,1,129,2.0,0,1,0,12,1,0,0
67,18,2,2,78,3.81,2,1,22,3.526315789473684,0,0,0,49,1,0,0
70,14,2,2,16,4.3,2,0,53,4.666666666666667,0,0,0,56,0,0,0
36,25,0,1,26,3.57,0,0,122,1.3846153846153846,0,0,0,11,0,0,0
30,13,2,0,53,3.68,3,1,124,2.142857142857143,0,0,0,17,1,1,1
24,13,2,2,54,4.09,2,0,161,1.7142857142857142,0,0,0,11,0,0,0
89,70,1,0,86,4.51,0,0,90,1.2535211267605635,1,0,0,19,0,0,1
75,24,0,1,44,3.79,3,1,72,3.0,0,0,0,51,1,1,0
21,8,2,1,57,4.78,3,1,84,2.3333333333333335,0,1,0,13,1,1,0
84,55,1,1,1,4.47,0,0,146,1.5,1,0,0,29,0,0,0
79,63,2,0,56,4.66,1,1,70,1.234375,0,0,0,16,1,0,1
21,9,2,0,48,4.4,0,1,152,2.1,0,1,0,12,1,0,1
38,13,2,0,38,4.46,1,1,28,2.7142857142857144,0,0,0,25,1,0,1
33,7,1,0,49,4.31,1,1,22,4.125,0,1,0,26,1,0,1
84,37,2,0,3,3.83,1,1,69,2.210526315789474,1,0,0,47,1,0,1
100,85,1,2,59,4.46,1,0,110,1.1627906976744187,1,0,0,15,0,0,0
51,20,0,2,97,4.8,2,0,130,2.4285714285714284,0,0,0,31,0,0,0
94,27,1,2,100,3.6,3,1,172,3.357142857142857,1,0,0,67,1,1,0
26,11,2,0,10,4.22,2,1,69,2.1666666666666665,0,0,0,15,1,0,1
77,25,0,1,70,4.27,0,1,52,2.9615384615384617,0,0,0,52,1,0,0
59,39,1,0,49,3.78,2,1,98,1.475,0,0,0,20,1,0,1
87,44,0,2,61,3.87,1,1,16,1.9333333333333333,1,0,0,43,1,0,0
55,21,2,1,20,3.56,3,1,134,2.5,0,0,0,34,1,1,0
68,46,2,0,8,4.21,0,0,116,1.446808510638298,0,0,0,22,0,0,1
54,8,1,1,41,3.89,2,0,168,6.0,0,1,0,46,0,0,0
57,21,0,2,28,4.93,3,0,141,2.590909090909091,0,0,0,36,0,1,0
76,54,2,1,58,4.05,1,0,74,1.3818181818181818,0,0,0,22,0,0,0
50,25,1,2,19,4.32,3,0,176,1.9230769230769231,0,0,0,25,0,1,0
24,8,0,0,50,4.12,2,0,164,2.6666666666666665,0,1,0,16,0,0,1
47,17,0,2,7,4.8,2,0,173,2.611111111111111,0,0,0,30,0,0,0
99,30,2,1,74,4.21,2,1,160,3.193548387096774,1,0,0,69,1,0,0
53,22,2,2,28,4.99,0,1,64,2.3043478260869565,0,0,0,31,1,0,0
67,48,0,1,94,4.3,1,1,168,1.3673469387755102,0,0,0,19,1,0,0
35,14,2,2,74,5.0,3,1,175,2.3333333333333335,0,0,0,21,1,1,0
65,51,1,0,97,4.81,3,1,144,1.25,0,0,0,14,1,1,1
79,13,0,1,6,4.63,0,0,38,5.642857142857143,0,0,0,66,0,0,0
57,40,2,1,78,3.62,0,0,171,1.3902439024390243,0,0,0,17,0,0,0
25,6,2,0,60,3.91,1,1,145,3.5714285714285716,0,1,0,19,1,0,1
73,27,0,0,98,3.97,1,0,57,2.607142857142857,0,0,0,46,0,0,1
45,19,1,2,71,3.72,3,0,121,2.25,0,0,0,26,0,1,0
48,17,1,2,2,4.09,1,0,85,2.6666666666666665,0,0,0,31,0,0,0
95,76,2,1,74,4.39,3,0,118,1.2337662337662338,1,0,0,19,0,1,0
91,60,0,0,2,3.53,1,1,107,1.4918032786885247,1,0,0,31,1,0,1
97,25,2,1,95,4.91,3,1,101,3.730769230769231,1,0,0,72,1,1,0
75,51,1,1,68,3.65,0,1,66,1.4423076923076923,0,0,0,24,1,0,0
35,7,0,1,65,4.19,3,0,65,4.375,0,1,0,28,0,1,0
86,48,2,2,37,4.15,3,0,84,1.7551020408163265,1,0,0,38,0,1,0
70,37,2,2,10,3.65,3,1,168,1.8421052631578947,0,0,0,33,1,1,0
42,31,0,0,32,4.75,3,0,12,1.3125,0,0,0,11,0,1,1
93,70,1,2,21,3.81,1,0,12,1.3098591549295775,1,0,0,23,0,0,0
59,24,1,1,40,4.0,0,1,147,2.36,0,0,0,35,1,0,0
59,29,2,1,90,4.3,3,0,145,1.9666666666666666,0,0,0,30,0,1,0
84,6,1,0,24,3.74,2,0,68,12.0,1,1,1,78,0,0,1
72,43,1,0,28,4.87,0,0,132,1.6363636363636365,0,0,0,29,0,0,1
64,19,0,0,86,4.68,3,1,171,3.2,0,0,0,45,1,1,1
30,10,1,0,86,4.95,1,0,149,2.727272727272727,0,1,0,20,0,0,1
22,8,0,1,4,4.84,2,0,122,2.4444444444444446,0,1,0,14,0,0,0
31,12,1,0,34,4.7,3,0,105,2.3846153846153846,0,0,0,19,0,1,1
70,47,1,2,3,3.66,2,1,53,1.4583333333333333,0,0,0,23,1,0,0
45,18,0,0,68,4.07,2,0,136,2.3684210526315788,0,0,0,27,0,0,1
50,14,2,0,98,3.52,3,1,109,3.3333333333333335,0,0,0,36,1,1,1
85,37,0,0,10,3.76,3,1,61,2.236842105263158,1,0,0,48,1,1,1
97,21,0,1,36,3.72,1,1,23,4.409090909090909,1,0,0,76,1,0,0
61,18,0,0,84,3.93,1,1,58,3.210526315789474,0,0,0,43,1,0,1
43,26,0,2,69,4.9,1,0,107,1.5925925925925926,0,0,0,17,0,0,0
77,39,2,1,23,4.29,2,0,167,1.925,0,0,0,38,0,0,0
86,10,2,2,98,4.8,2,0,18,7.818181818181818,1,1,1,76,0,0,0
45,17,0,2,67,4.7,0,0,15,2.5,0,0,0,28,0,0,0
44,8,2,0,43,3.82,3,0,86,4.888888888888889,0,1,0,36,0,1,1
60,8,2,1,68,4.84,2,1,144,6.666666666666667,0,1,0,52,1,0,0
60,16,2,0,56,4.33,3,1,126,3.5294117647058822,0,0,0,44,1,1,1
33,20,1,1,97,4.13,2,1,169,1.5714285714285714,0,0,0,13,1,0,0
56,37,2,2,27,4.12,0,1,68,1.4736842105263157,0,0,0,19,1,0,0
95,7,0,0,40,4.68,1,0,95,11.875,1,1,1,88,0,0,1
60,38,0,0,15,4.14,1,1,144,1.5384615384615385,0,0,0,22,1,0,1
62,11,1,0,37,4.23,2,1,71,5.166666666666667,0,0,0,51,1,0,1
36,7,1,1,26,4.35,2,0,59,4.5,0,1,0,29,0,0,0
63,9,0,1,89,3.87,0,1,166,6.3,0,1,0,54,1,0,0
97,81,1,1,52,4.56,1,0,125,1.1829268292682926,1,0,0,16,0,0,0
51,27,2,0,86,3.82,1,1,152,1.8214285714285714,0,0,0,24,1,0,1
76,7,2,0,76,4.35,2,0,72,9.5,0,1,0,69,0,0,1
60,6,0,2,65,4.76,2,0,168,8.571428571428571,0,1,0,54,0,0,0
20,10,0,1,18,4.28,1,1,123,1.8181818181818181,0,1,0,10,1,0,0
89,76,2,0,35,4.8,3,1,177,1.155844155844156,1,0,0,13,1,1,1
44,25,0,2,32,4.43,3,1,154,1.6923076923076923,0,0,0,19,1,1,0
40,29,1,2,26,4.26,3,0,152,1.3333333333333333,0,0,0,11,0,1,0
85,25,2,2,21,4.03,2,0,73,3.269230769230769,1,0,0,60,0,0,0
60,19,2,2,37,4.22,1,0,68,3.0,0,0,0,41,0,0,0
49,6,1,0,18,4.41,3,1,148,7.0,0,1,0,43,1,1,1
40,30,2,1,67,4.03,1,1,143,1.2903225806451613,0,0,0,10,1,0,0
47,34,0,2,87,3.53,2,1,170,1.3428571428571427,0,0,0,13,1,0,0
51,27,2,0,8,4.31,3,0,92,1.8214285714285714,0,0,0,24,0,1,1
36,9,1,2,22,3.51,3,1,37,3.6,0,1,0,27,1,1,0
22,5,2,0,39,4.92,1,0,56,3.6666666666666665,0,1,0,17,0,0,1
72,33,0,0,63,4.25,1,0,132,2.1176470588235294,0,0,0,39,0,0,1
54,6,1,0,48,4.26,2,0,154,7.714285714285714,0,1,0,48,0,0,1
91,17,0,0,21,4.84,0,1,149,5.055555555555555,1,0,0,74,1,0,1
62,15,1,2,15,4.28,3,0,73,3.875,0,0,0,47,0,1,0
39,20,0,0,71,4.11,2,0,111,1.8571428571428572,0,0,0,19,0,0,1
71,7,2,0,31,4.83,2,1,60,8.875,0,1,0,64,1,0,1
57,16,2,1,0,3.95,0,0,97,3.3529411764705883,0,0,0,41,0,0,0
50,29,2,1,2,4.81,2,0,143,1.6666666666666667,0,0,0,21,0,0,0
61,45,0,0,42,4.25,0,0,102,1.326086956521739,0,0,0,16,0,0,1
49,14,1,2,55,4.43,2,1,131,3.2666666666666666,0,0,0,35,1,0,0
27,15,2,0,11,3.77,1,0,111,1.6875,0,0,0,12,0,0,1
39,12,2,2,30,4.51,0,1,140,3.0,0,0,0,27,1,0,0
89,28,0,1,67,4.31,0,1,134,3.0689655172413794,1,0,0,61,1,0,0
62,8,2,2,13,4.2,3,1,65,6.888888888888889,0,1,0,54,1,1,0
70,7,2,1,13,4.09,0,0,117,8.75,0,1,0,63,0,0,0
83,43,1,1,20,3.59,2,0,63,1.8863636363636365,1,0,0,40,0,0,0
100,54,1,1,91,4.59,3,1,61,1.8181818181818181,1,0,0,46,1,1,0
45,18,1,2,70,3.84,3,0,122,2.3684210526315788,0,0,0,27,0,1,0
83,26,1,0,77,3.62,3,1,74,3.074074074074074,1,0,0,57,1,1,1
30,11,2,2,99,4.96,1,0,83,2.5,0,0,0,19,0,0,0
93,66,1,2,22,3.91,3,0,180,1.3880597014925373,1,0,0,27,0,1,0
53,7,2,2,64,4.55,3,1,10,6.625,0,1,0,46,1,1,0
94,42,0,1,0,4.23,2,1,36,2.186046511627907,1,0,0,52,1,0,0
46,23,1,1,19,4.92,0,0,169,1.9166666666666667,0,0,0,23,0,0,0
47,9,0,1,5,4.81,3,1,178,4.7,0,1,0,38,1,1,0
85,27,1,0,8,4.11,3,1,157,3.0357142857142856,1,0,0,58,1,1,1
76,8,2,0,40,4.68,0,0,157,8.444444444444445,0,1,0,68,0,0,1
42,6,0,2,21,3.85,3,1,128,6.0,0,1,0,36,1,1,0
78,12,0,2,99,4.3,0,0,95,6.0,0,0,0,66,0,0,0
74,16,0,1,6,3.97,2,0,139,4.352941176470588,0,0,0,58,0,0,0
58,30,2,1,32,4.14,3,0,75,1.8709677419354838,0,0,0,28,0,1,0
79,23,2,0,88,3.88,3,0,164,3.2916666666666665,0,0,0,56,0,1,1
28,18,2,0,100,3.62,0,1,92,1.4736842105263157,0,0,0,10,1,0,1
27,7,2,1,89,3.6,2,1,120,3.375,0,1,0,20,1,0,0
79,7,0,2,31,4.82,3,0,100,9.875,0,1,0,72,0,1,0
65,38,2,1,13,4.77,2,1,132,1.6666666666666667,0,0,0,27,1,0,0
33,14,2,1,38,4.89,2,0,127,2.2,0,0,0,19,0,0,0
94,34,1,0,99,4.54,0,1,155,2.6857142857142855,1,0,0,60,1,0,1
47,22,0,2,11,4.8,0,1,119,2.0434782608695654,0,0,0,25,1,0,0
62,45,0,1,87,4.74,0,1,20,1.3478260869565217,0,0,0,17,1,0,0
71,21,1,2,82,4.88,0,1,126,3.227272727272727,0,0,0,50,1,0,0
32,12,2,2,69,3.68,2,0,55,2.4615384615384617,0,0,0,20,0,0,0
41,26,2,1,96,3.91,3,0,169,1.5185185185185186,0,0,0,15,0,1,0
60,48,1,1,15,4.06,2,0,78,1.2244897959183674,0,0,0,12,0,0,0
37,9,1,2,73,4.8,2,0,124,3.7,0,1,0,28,0,0,0
87,77,2,0,12,3.56,3,1,11,1.1153846153846154,1,0,0,10,1,1,1
76,42,0,0,95,3.93,2,0,180,1.7674418604651163,0,0,0,34,0,0,1
94,59,1,1,84,4.38,2,1,175,1.5666666666666667,1,0,0,35,1,0,0
47,9,0,0,49,4.44,1,0,96,4.7,0,1,0,38,0,0,1
53,6,0,2,74,4.12,3,0,76,7.571428571428571,0,1,0,47,0,1,0
57,46,0,1,42,4.39,2,0,56,1.2127659574468086,0,0,0,11,0,0,0
54,12,1,2,84,4.98,1,1,172,4.153846153846154,0,0,0,42,1,0,0
53,12,1,0,79,3.6,3,1,154,4.076923076923077,0,0,0,41,1,1,1
73,63,1,2,25,4.19,0,0,129,1.140625,0,0,0,10,0,0,0
21,7,0,1,58,4.31,2,1,75,2.625,0,1,0,14,1,0,0
67,32,1,1,40,4.47,0,1,13,2.0303030303030303,0,0,0,35,1,0,0
27,8,0,0,48,4.18,0,0,167,3.0,0,1,0,19,0,0,1
28,5,0,1,69,4.49,2,1,132,4.666666666666667,0,1,0,23,1,0,0
45,7,0,1,87,4.35,1,0,74,5.625,0,1,0,38,0,0,0
21,9,1,1,38,4.54,2,0,179,2.1,0,1,0,12,0,0,0
65,48,0,2,12,4.37,0,1,140,1.3265306122448979,0,0,0,17,1,0,0
34,16,2,2,47,4.12,1,0,93,2.0,0,0,0,18,0,0,0
71,30,0,1,45,4.16,1,1,53,2.2903225806451615,0,0,0,41,1,0,0
86,26,0,2,31,3.69,0,0,85,3.185185185185185,1,0,0,60,0,0,0
95,25,1,1,72,4.16,2,1,128,3.6538461538461537,1,0,0,70,1,0,0
79,29,0,2,29,4.22,3,0,99,2.6333333333333333,0,0,0,50,0,1,0
24,10,2,0,24,4.09,2,1,97,2.1818181818181817,0,1,0,14,1,0,1
80,42,2,0,85,4.22,3,0,131,1.8604651162790697,0,0,0,38,0,1,1
93,31,1,0,13,3.58,0,1,101,2.90625,1,0,0,62,1,0,1
73,33,1,2,60,3.88,3,1,161,2.1470588235294117,0,0,0,40,1,1,0
52,14,1,0,97,4.83,1,1,66,3.466666666666667,0,0,0,38,1,0,1
39,29,1,2,12,4.24,1,0,97,1.3,0,0,0,10,0,0,0
78,63,0,0,14,4.21,0,0,147,1.21875,0,0,0,15,0,0,1
63,12,2,2,54,4.47,1,1,140,4.846153846153846,0,0,0,51,1,0,0
31,18,2,1,46,4.86,3,0,128,1.631578947368421,0,0,0,13,0,1,0
21,8,1,0,37,3.71,1,1,171,2.3333333333333335,0,1,0,13,1,0,1
74,27,1,2,51,3.75,2,1,111,2.642857142857143,0,0,0,47,1,0,0
75,51,0,1,17,4.83,0,1,79,1.4423076923076923,0,0,0,24,1,0,0
23,11,2,1,11,4.86,0,0,133,1.9166666666666667,0,0,0,12,0,0,0
99,9,0,2,33,4.98,0,0,110,9.9,1,1,1,90,0,0,0
95,73,2,1,20,3.59,1,1,138,1.2837837837837838,1,0,0,22,1,0,0
36,13,2,2,84,4.88,1,1,140,2.5714285714285716,0,0,0,23,1,0,0
26,15,2,1,35,5.0,2,1,161,1.625,0,0,0,11,1,0,0
82,20,2,1,59,3.99,3,1,45,3.9047619047619047,1,0,0,62,1,1,0
23,8,2,2,27,4.73,0,0,117,2.5555555555555554,0,1,0,15,0,0,0
85,34,0,1,66,4.59,2,1,163,2.4285714285714284,1,0,0,51,1,0,0
35,19,2,2,45,4.99,0,0,159,1.75,0,0,0,16,0,0,0
83,10,2,0,28,3.91,0,0,23,7.545454545454546,1,1,1,73,0,0,1
93,28,2,2,63,3.9,1,0,38,3.206896551724138,1,0,0,65,0,0,0
88,15,2,1,39,4.51,0,0,137,5.5,1,0,0,73,0,0,0
95,24,1,0,79,3.5,0,0,130,3.8,1,0,0,71,0,0,1
93,51,0,2,12,4.98,2,1,90,1.7884615384615385,1,0,0,42,1,0,0
31,7,1,2,24,4.82,1,1,87,3.875,0,1,0,24,1,0,0
30,11,0,0,93,3.56,3,1,155,2.5,0,0,0,19,1,1,1
71,59,2,1,71,4.47,1,0,31,1.1833333333333333,0,0,0,12,0,0,0
36,9,1,2,53,4.46,3,1,127,3.6,0,1,0,27,1,1,0
91,14,1,2,19,4.78,3,1,19,6.066666666666666,1,0,0,77,1,1,0
36,8,2,0,47,4.07,0,0,77,4.0,0,1,0,28,0,0,1
53,14,1,2,24,3.99,0,1,161,3.533333333333333,0,0,0,39,1,0,0
28,6,1,1,2,4.29,2,0,89,4.0,0,1,0,22,0,0,0
57,20,0,1,92,3.74,2,0,53,2.7142857142857144,0,0,0,37,0,0,0
28,15,0,0,90,4.25,3,1,177,1.75,0,0,0,13,1,1,1
37,5,2,2,75,3.88,1,1,26,6.166666666666667,0,1,0,32,1,0,0
38,22,1,1,18,4.17,3,1,121,1.6521739130434783,0,0,0,16,1,1,0
64,10,2,2,62,4.98,1,0,38,5.818181818181818,0,1,0,54,0,0,0
98,54,0,1,34,4.57,1,1,113,1.7818181818181817,1,0,0,44,1,0,0
74,32,1,1,2,4.7,1,1,38,2.242424242424242,0,0,0,42,1,0,0
27,12,1,2,64,4.7,1,0,149,2.076923076923077,0,0,0,15,0,0,0
42,29,1,2,67,4.59,2,1,153,1.4,0,0,0,13,1,0,0
75,28,2,0,6,4.02,1,1,171,2.586206896551724,0,0,0,47,1,0,1
49,20,0,2,52,4.74,0,1,162,2.3333333333333335,0,0,0,29,1,0,0
46,14,1,2,21,4.71,0,0,15,3.066666666666667,0,0,0,32,0,0,0
88,28,2,0,22,4.99,3,1,154,3.0344827586206895,1,0,0,60,1,1,1
34,20,2,0,21,4.15,2,1,158,1.619047619047619,0,0,0,14,1,0,1
88,46,0,0,35,4.89,0,1,72,1.872340425531915,1,0,0,42,1,0,1
62,7,2,2,2,4.71,2,1,28,7.75,0,1,0,55,1,0,0
93,59,0,1,30,4.11,0,1,89,1.55,1,0,0,34,1,0,0
61,26,0,0,21,3.85,2,1,126,2.259259259259259,0,0,0,35,1,0,1
84,49,2,1,32,4.25,3,1,53,1.68,1,0,0,35,1,1,0
69,51,2,1,75,3.57,3,1,136,1.3269230769230769,0,0,0,18,1,1,0
43,6,1,2,34,4.4,2,1,24,6.142857142857143,0,1,0,37,1,0,0
24,6,2,1,65,4.29,0,1,106,3.4285714285714284,0,1,0,18,1,0,0
100,46,1,0,74,3.74,0,0,171,2.127659574468085,1,0,0,54,0,0,1
42,16,0,0,33,3.63,2,0,166,2.4705882352941178,0,0,0,26,0,0,1
76,35,1,1,8,4.89,0,1,138,2.111111111111111,0,0,0,41,1,0,0
21,9,2,0,91,4.82,2,0,47,2.1,0,1,0,12,0,0,1
29,13,1,0,44,4.29,1,1,87,2.0714285714285716,0,0,0,16,1,0,1
40,5,0,2,17,4.55,0,0,72,6.666666666666667,0,1,0,35,0,0,0
34,7,2,2,54,4.71,3,1,149,4.25,0,1,0,27,1,1,0
29,10,1,1,25,3.77,0,0,91,2.6363636363636362,0,1,0,19,0,0,0
27,12,1,1,39,4.51,2,1,55,2.076923076923077,0,0,0,15,1,0,0
51,20,0,2,57,3.68,3,0,67,2.4285714285714284,0,0,0,31,0,1,0
94,61,2,1,12,4.95,1,1,133,1.5161290322580645,1,0,0,33,1,0,0
32,5,0,0,80,3.55,3,0,14,5.333333333333333,0,1,0,27,0,1,1
38,28,0,2,35,3.93,0,1,54,1.3103448275862069,0,0,0,10,1,0,0
93,6,0,2,85,4.47,3,0,107,13.285714285714286,1,1,1,87,0,1,0
54,28,1,2,83,4.49,3,0,32,1.8620689655172413,0,0,0,26,0,1,0
80,69,1,2,94,4.44,3,0,74,1.1428571428571428,0,0,0,11,0,1,0
68,11,0,2,89,3.66,1,0,93,5.666666666666667,0,0,0,57,0,0,0
76,23,0,1,64,3.57,3,1,115,3.1666666666666665,0,0,0,53,1,1,0
53,19,1,2,54,3.84,1,0,132,2.65,0,0,0,34,0,0,0
59,5,0,0,17,4.97,1,1,143,9.833333333333334,0,1,0,54,1,0,1
36,25,1,1,61,3.64,3,0,132,1.3846153846153846,0,0,0,11,0,1,0
28,14,0,2,77,3.58,0,0,98,1.8666666666666667,0,0,0,14,0,0,0
35,21,1,2,13,4.14,2,1,36,1.5909090909090908,0,0,0,14,1,0,0
36,23,2,2,42,4.66,2,0,14,1.5,0,0,0,13,0,0,0
72,33,0,0,66,4.39,2,1,30,2.1176470588235294,0,0,0,39,1,0,1
75,63,2,0,24,4.18,0,0,29,1.171875,0,0,0,12,0,0,1
76,9,2,2,64,4.16,1,0,10,7.6,0,1,0,67,0,0,0
26,5,0,2,7,4.75,0,1,140,4.333333333333333,0,1,0,21,1,0,0
79,55,1,1,91,4.39,2,0,48,1.4107142857142858,0,0,0,24,0,0,0
87,5,2,2,59,4.32,3,0,42,14.5,1,1,1,82,0,1,0
25,15,0,0,65,4.88,1,1,101,1.5625,0,0,0,10,1,0,1
59,18,2,0,67,3.86,2,0,98,3.1052631578947367,0,0,0,41,0,0,1
46,8,2,2,32,4.81,0,0,112,5.111111111111111,0,1,0,38,0,0,0
37,12,0,2,15,3.73,1,0,142,2.8461538461538463,0,0,0,25,0,0,0
71,33,1,1,4,4.88,1,1,109,2.088235294117647,0,0,0,38,1,0,0
47,9,1,0,38,4.06,2,0,141,4.7,0,1,0,38,0,0,1
40,20,0,1,11,4.4,0,0,83,1.9047619047619047,0,0,0,20,0,0,0
75,7,1,0,100,4.13,2,0,134,9.375,0,1,0,68,0,0,1
56,20,2,1,74,4.05,1,0,25,2.6666666666666665,0,0,0,36,0,0,0
21,11,2,0,46,3.84,2,0,103,1.75,0,0,0,10,0,0,1
24,13,2,2,50,4.26,3,1,141,1.7142857142857142,0,0,0,11,1,1,0
23,7,2,0,96,3.97,0,1,165,2.875,0,1,0,16,1,0,1
28,6,1,0,54,4.03,0,1,168,4.0,0,1,0,22,1,0,1
32,15,2,0,67,3.76,1,1,23,2.0,0,0,0,17,1,0,1
20,7,1,0,71,3.83,2,1,51,2.5,0,1,0,13,1,0,1
43,26,0,1,59,4.91,0,0,175,1.5925925925925926,0,0,0,17,0,0,0
23,5,2,0,92,3.71,3,0,105,3.8333333333333335,0,1,0,18,0,1,1
96,29,2,1,84,3.65,3,0,176,3.2,1,0,0,67,0,1,0
89,8,1,2,18,3.83,2,0,121,9.88888888888889,1,1,1,81,0,0,0
31,7,0,2,27,4.73,2,1,141,3.875,0,1,0,24,1,0,0
56,10,0,0,28,3.8,0,0,144,5.090909090909091,0,1,0,46,0,0,1
81,42,1,1,88,4.14,0,0,47,1.8837209302325582,0,0,0,39,0,0,0
38,25,2,1,2,4.24,2,1,128,1.4615384615384615,0,0,0,13,1,0,0
32,22,1,2,9,4.68,3,1,135,1.391304347826087,0,0,0,10,1,1,0
34,5,2,1,26,4.85,1,1,152,5.666666666666667,0,1,0,29,1,0,0
78,41,2,2,12,4.99,0,0,22,1.8571428571428572,0,0,0,37,0,0,0
54,37,1,1,41,4.69,0,1,16,1.4210526315789473,0,0,0,17,1,0,0
93,36,2,0,60,4.63,0,0,111,2.5135135135135136,1,0,0,57,0,0,1
75,9,0,0,71,4.06,3,0,150,7.5,0,1,0,66,0,1,1
74,38,2,1,95,5.0,1,0,167,1.8974358974358974,0,0,0,36,0,0,0
100,51,2,2,56,3.58,3,0,89,1.9230769230769231,1,0,0,49,0,1,0
95,84,1,0,18,3.86,0,1,112,1.1176470588235294,1,0,0,11,1,0,1
63,23,2,2,48,4.09,1,0,49,2.625,0,0,0,40,0,0,0
35,10,0,0,40,3.54,3,0,75,3.1818181818181817,0,1,0,25,0,1,1
94,82,1,0,48,4.92,2,1,20,1.1325301204819278,1,0,0,12,1,0,1
62,21,0,1,61,4.57,3,0,56,2.8181818181818183,0,0,0,41,0,1,0
51,11,1,1,72,3.62,0,0,16,4.25,0,0,0,40,0,0,0
93,20,2,1,38,4.78,0,1,144,4.428571428571429,1,0,0,73,1,0,0
48,12,0,2,25,4.26,3,0,180,3.6923076923076925,0,0,0,36,0,1,0
79,14,0,2,71,3.74,1,0,128,5.266666666666667,0,0,0,65,0,0,0
70,35,2,2,35,4.9,3,1,108,1.9444444444444444,0,0,0,35,1,1,0
28,11,1,0,52,4.33,0,1,94,2.3333333333333335,0,0,0,17,1,0,1
96,27,0,0,21,4.37,3,1,57,3.4285714285714284,1,0,0,69,1,1,1
79,11,2,1,1,4.35,3,1,45,6.583333333333333,0,0,0,68,1,1,0
43,33,0,0,16,4.01,2,1,159,1.2647058823529411,0,0,0,10,1,0,1
27,6,0,1,74,4.75,0,1,157,3.857142857142857,0,1,0,21,1,0,0
40,18,2,2,16,4.59,0,1,157,2.1052631578947367,0,0,0,22,1,0,0
36,10,0,0,65,3.54,3,0,53,3.272727272727273,0,1,0,26,0,1,1
91,29,2,1,82,3.73,0,1,90,3.033333333333333,1,0,0,62,1,0,0
50,40,0,2,61,4.7,1,1,73,1.2195121951219512,0,0,0,10,1,0,0
59,21,0,1,97,3.6,0,1,67,2.6818181818181817,0,0,0,38,1,0,0
82,67,2,1,13,4.43,0,0,33,1.2058823529411764,1,0,0,15,0,0,0
30,13,1,0,72,4.18,3,1,113,2.142857142857143,0,0,0,17,1,1,1
67,54,1,1,53,3.67,2,0,110,1.2181818181818183,0,0,0,13,0,0,0
65,36,1,2,20,4.39,3,1,87,1.7567567567567568,0,0,0,29,1,1,0
51,5,2,0,0,4.59,0,1,92,8.5,0,1,0,46,1,0,1
25,8,2,2,11,4.0,0,0,109,2.7777777777777777,0,1,0,17,0,0,0
30,13,0,0,8,4.1,0,0,94,2.142857142857143,0,0,0,17,0,0,1
60,24,0,1,18,4.16,2,1,45,2.4,0,0,0,36,1,0,0
30,16,1,0,89,3.63,0,0,142,1.7647058823529411,0,0,0,14,0,0,1
96,36,2,1,57,4.06,1,1,139,2.5945945945945947,1,0,0,60,1,0,0
97,71,1,2,52,4.32,1,0,36,1.3472222222222223,1,0,0,26,0,0,0
43,9,0,2,2,4.12,2,0,126,4.3,0,1,0,34,0,0,0
72,19,0,0,89,4.74,2,1,45,3.6,0,0,0,53,1,0,1
50,27,1,0,100,4.22,2,1,173,1.7857142857142858,0,0,0,23,1,0,1
66,16,2,2,94,4.52,2,0,34,3.8823529411764706,0,0,0,50,0,0,0
84,64,2,1,34,4.13,1,1,99,1.2923076923076924,1,0,0,20,1,0,0
64,46,0,2,51,5.0,1,1,29,1.3617021276595744,0,0,0,18,1,0,0
97,66,2,2,90,3.6,1,1,150,1.4477611940298507,1,0,0,31,1,0,0
81,33,1,1,41,4.93,0,1,162,2.3823529411764706,0,0,0,48,1,0,0
74,5,1,1,80,3.63,3,0,134,12.333333333333334,0,1,0,69,0,1,0
28,8,1,1,69,3.86,1,1,175,3.111111111111111,0,1,0,20,1,0,0
21,9,2,0,10,3.88,2,1,108,2.1,0,1,0,12,1,0,1
59,29,2,1,68,4.4,3,1,88,1.9666666666666666,0,0,0,30,1,1,0
84,74,1,1,7,4.4,0,1,101,1.12,1,0,0,10,1,0,0
59,22,0,1,79,4.38,2,1,93,2.5652173913043477,0,0,0,37,1,0,0
22,10,0,1,26,4.97,2,0,170,2.0,0,1,0,12,0,0,0
40,29,1,2,6,4.94,3,1,71,1.3333333333333333,0,0,0,11,1,1,0
96,48,2,0,41,4.39,2,0,130,1.9591836734693877,1,0,0,48,0,0,1
55,19,2,1,64,4.34,2,1,129,2.75,0,0,0,36,1,0,0
64,25,1,2,85,4.46,0,1,37,2.4615384615384617,0,0,0,39,1,0,0
29,16,2,2,75,4.11,2,1,80,1.7058823529411764,0,0,0,13,1,0,0
28,18,1,1,100,3.7,0,0,127,1.4736842105263157,0,0,0,10,0,0,0
39,28,2,2,72,3.76,0,1,87,1.3448275862068966,0,0,0,11,1,0,0
20,9,2,2,77,3.91,1,0,89,2.0,0,1,0,11,0,0,0
51,14,0,0,16,3.51,3,1,30,3.4,0,0,0,37,1,1,1
97,7,2,2,22,3.74,0,1,147,12.125,1,1,1,90,1,0,0
35,22,2,2,28,4.88,0,1,116,1.5217391304347827,0,0,0,13,1,0,0
46,8,0,0,39,3.97,1,1,123,5.111111111111111,0,1,0,38,1,0,1
40,6,0,0,37,4.75,0,1,148,5.714285714285714,0,1,0,34,1,0,1
46,15,1,2,96,4.69,2,1,116,2.875,0,0,0,31,1,0,0
80,22,0,0,17,4.4,2,0,141,3.4782608695652173,0,0,0,58,0,0,1
65,40,2,2,48,3.59,1,0,121,1.5853658536585367,0,0,0,25,0,0,0
80,48,1,1,13,4.44,3,0,35,1.6326530612244898,0,0,0,32,0,1,0
98,43,1,0,62,4.98,2,0,130,2.227272727272727,1,0,0,55,0,0,1
98,61,2,2,91,4.28,3,0,95,1.5806451612903225,1,0,0,37,0,1,0
96,48,2,0,11,4.19,3,0,79,1.9591836734693877,1,0,0,48,0,1,1
84,67,1,1,48,4.87,3,0,81,1.2352941176470589,1,0,0,17,0,1,0
74,42,2,0,88,3.5,1,0,77,1.7209302325581395,0,0,0,32,0,0,1
64,5,0,0,91,4.34,1,1,21,10.666666666666666,0,1,0,59,1,0,1
38,12,0,2,44,4.85,1,0,110,2.923076923076923,0,0,0,26,0,0,0
76,26,1,2,74,4.18,1,1,159,2.814814814814815,0,0,0,50,1,0,0
90,58,2,0,1,4.7,0,1,21,1.5254237288135593,1,0,0,32,1,0,1
98,46,1,0,55,4.71,1,0,173,2.0851063829787235,1,0,0,52,0,0,1
91,53,1,0,67,4.56,3,0,50,1.6851851851851851,1,0,0,38,0,1,1
59,36,1,1,43,3.74,1,1,25,1.5945945945945945,0,0,0,23,1,0,0
82,59,0,1,39,3.5,3,1,67,1.3666666666666667,1,0,0,23,1,1,0
27,15,2,2,31,4.95,0,0,103,1.6875,0,0,0,12,0,0,0
58,10,2,0,51,4.27,3,1,138,5.2727272727272725,0,1,0,48,1,1,1
53,35,2,0,35,3.92,0,1,166,1.4722222222222223,0,0,0,18,1,0,1
100,21,1,1,20,3.52,3,1,163,4.545454545454546,1,0,0,79,1,1,0
86,41,0,1,96,4.5,2,1,68,2.0476190476190474,1,0,0,45,1,0,0
73,55,0,1,55,4.2,0,0,52,1.3035714285714286,0,0,0,18,0,0,0
92,33,1,2,70,3.69,1,1,46,2.7058823529411766,1,0,0,59,1,0,0
80,56,1,0,63,4.57,3,1,43,1.4035087719298245,0,0,0,24,1,1,1
25,15,2,0,15,4.18,2,1,176,1.5625,0,0,0,10,1,0,1
48,23,0,0,0,4.46,0,0,174,2.0,0,0,0,25,0,0,1
100,70,2,0,42,4.9,3,1,167,1.408450704225352,1,0,0,30,1,1,1
93,18,1,0,34,3.54,0,0,80,4.894736842105263,1,0,0,75,0,0,1
99,40,2,0,26,4.83,1,1,151,2.4146341463414633,1,0,0,59,1,0,1
100,50,2,1,20,4.14,1,0,127,1.9607843137254901,1,0,0,50,0,0,0
87,5,0,0,6,3.76,1,0,28,14.5,1,1,1,82,0,0,1
40,10,2,1,60,3.87,3,1,79,3.6363636363636362,0,1,0,30,1,1,0
65,19,1,2,24,4.59,1,0,96,3.25,0,0,0,46,0,0,0
88,18,1,2,80,4.83,1,0,109,4.631578947368421,1,0,0,70,0,0,0
51,25,0,1,21,4.43,1,1,38,1.9615384615384615,0,0,0,26,1,0,0
33,16,0,1,81,4.08,0,1,50,1.9411764705882353,0,0,0,17,1,0,0
89,75,2,2,10,4.91,1,0,16,1.1710526315789473,1,0,0,14,0,0,0
57,47,2,0,26,3.8,2,0,30,1.1875,0,0,0,10,0,0,1
72,27,2,0,76,3.97,2,1,70,2.5714285714285716,0,0,0,45,1,0,1
73,14,2,0,28,4.31,1,0,29,4.866666666666666,0,0,0,59,0,0,1
27,11,1,0,88,4.5,1,1,144,2.25,0,0,0,16,1,0,1
97,75,2,1,15,4.94,0,0,163,1.2763157894736843,1,0,0,22,0,0,0
95,28,0,1,34,4.48,1,0,163,3.2758620689655173,1,0,0,67,0,0,0
100,32,1,1,67,3.94,1,1,162,3.0303030303030303,1,0,0,68,1,0,0
97,21,2,1,43,3.79,0,1,106,4.409090909090909,1,0,0,76,1,0,0
70,60,2,1,57,4.05,0,1,43,1.1475409836065573,0,0,0,10,1,0,0
21,11,0,0,18,4.2,2,1,49,1.75,0,0,0,10,1,0,1
94,26,1,1,0,3.94,0,1,40,3.4814814814814814,1,0,0,68,1,0,0
53,40,0,0,79,3.66,1,1,30,1.2926829268292683,0,0,0,13,1,0,1
26,8,0,0,65,3.58,3,1,89,2.888888888888889,0,1,0,18,1,1,1
92,77,2,0,100,4.26,3,0,47,1.1794871794871795,1,0,0,15,0,1,1
47,36,0,2,100,4.2,2,0,103,1.2702702702702702,0,0,0,11,0,0,0
57,38,2,1,31,3.97,2,1,64,1.4615384615384615,0,0,0,19,1,0,0
84,54,1,2,59,4.98,0,1,43,1.5272727272727273,1,0,0,30,1,0,0
89,12,2,2,42,4.73,0,0,102,6.846153846153846,1,0,0,77,0,0,0
57,26,0,1,92,3.8,1,1,67,2.111111111111111,0,0,0,31,1,0,0
24,10,1,1,79,4.3,3,0,24,2.1818181818181817,0,1,0,14,0,1,0
35,20,1,1,62,3.55,0,0,117,1.6666666666666667,0,0,0,15,0,0,0
61,47,1,2,100,4.58,3,1,157,1.2708333333333333,0,0,0,14,1,1,0
50,39,2,0,62,3.95,2,1,135,1.25,0,0,0,11,1,0,1
29,17,2,2,76,3.61,2,0,166,1.6111111111111112,0,0,0,12,0,0,0
68,16,2,2,91,4.49,3,0,77,4.0,0,0,0,52,0,1,0
77,63,1,0,72,4.56,2,0,113,1.203125,0,0,0,14,0,0,1
33,13,0,0,34,4.78,2,0,66,2.357142857142857,0,0,0,20,0,0,1
83,7,1,0,24,4.9,2,1,24,10.375,1,1,1,76,1,0,1
74,34,0,1,18,4.66,2,1,140,2.1142857142857143,0,0,0,40,1,0,0
87,26,0,0,63,4.2,2,1,118,3.2222222222222223,1,0,0,61,1,0,1
90,54,0,1,1,3.59,0,1,87,1.6363636363636365,1,0,0,36,1,0,0
92,34,1,1,98,3.99,3,0,140,2.6285714285714286,1,0,0,58,0,1,0
66,40,0,1,93,4.86,1,0,153,1.6097560975609757,0,0,0,26,0,0,0
96,43,0,2,97,3.68,2,1,91,2.1818181818181817,1,0,0,53,1,0,0
59,40,0,0,64,4.72,3,0,157,1.4390243902439024,0,0,0,19,0,1,1
71,8,1,2,57,3.68,3,0,75,7.888888888888889,0,1,0,63,0,1,0
79,13,0,0,67,4.05,1,1,151,5.642857142857143,0,0,0,66,1,0,1
61,39,1,1,82,4.49,2,1,46,1.525,0,0,0,22,1,0,0
46,22,0,1,97,3.51,2,0,100,2.0,0,0,0,24,0,0,0
38,22,2,0,60,3.6,2,1,104,1.6521739130434783,0,0,0,16,1,0,1
94,36,0,1,41,4.57,2,0,76,2.5405405405405403,1,0,0,58,0,0,0
34,11,1,0,66,4.59,2,0,134,2.8333333333333335,0,0,0,23,0,0,1
76,44,1,0,20,3.56,0,1,105,1.6888888888888889,0,0,0,32,1,0,1
61,42,0,0,11,3.72,3,0,52,1.4186046511627908,0,0,0,19,0,1,1
49,30,1,2,80,3.74,3,0,85,1.5806451612903225,0,0,0,19,0,1,0
34,6,0,1,11,3.75,2,0,179,4.857142857142857,0,1,0,28,0,0,0
25,9,0,0,11,3.58,3,0,31,2.5,0,1,0,16,0,1,1
63,46,2,2,36,4.59,2,0,18,1.3404255319148937,0,0,0,17,0,0,0
70,43,1,0,47,4.31,2,0,57,1.5909090909090908,0,0,0,27,0,0,1
88,16,1,0,26,4.18,2,0,32,5.176470588235294,1,0,0,72,0,0,1
44,6,1,0,80,4.13,3,1,40,6.285714285714286,0,1,0,38,1,1,1
26,12,0,2,9,3.75,0,0,115,2.0,0,0,0,14,0,0,0
48,35,0,0,47,4.26,2,0,26,1.3333333333333333,0,0,0,13,0,0,1
40,23,2,2,6,3.96,3,0,178,1.6666666666666667,0,0,0,17,0,1,0
39,15,1,1,53,4.6,1,1,38,2.4375,0,0,0,24,1,0,0
53,5,0,0,100,4.46,3,1,33,8.833333333333334,0,1,0,48,1,1,1
90,71,1,1,37,3.51,2,1,32,1.25,1,0,0,19,1,0,0
85,62,1,2,54,3.78,2,0,114,1.3492063492063493,1,0,0,23,0,0,0
78,22,0,1,74,3.77,0,0,149,3.391304347826087,0,0,0,56,0,0,0
44,9,1,1,54,4.2,2,1,13,4.4,0,1,0,35,1,0,0
55,29,1,0,92,4.85,2,0,44,1.8333333333333333,0,0,0,26,0,0,1
72,54,0,1,68,3.85,0,0,74,1.309090909090909,0,0,0,18,0,0,0
72,39,2,1,39,3.77,3,1,115,1.8,0,0,0,33,1,1,0
47,24,1,2,11,3.62,3,1,148,1.88,0,0,0,23,1,1,0
100,34,0,0,33,4.75,3,0,156,2.857142857142857,1,0,0,66,0,1,1
34,9,2,2,65,4.69,0,1,107,3.4,0,1,0,25,1,0,0
63,48,0,1,88,4.09,2,0,70,1.2857142857142858,0,0,0,15,0,0,0
38,17,2,2,92,4.41,0,1,138,2.111111111111111,0,0,0,21,1,0,0
95,56,0,2,86,3.79,2,1,147,1.6666666666666667,1,0,0,39,1,0,0
22,7,2,0,15,3.53,1,1,180,2.75,0,1,0,15,1,0,1
68,29,0,0,51,3.99,1,0,110,2.2666666666666666,0,0,0,39,0,0,1
84,37,1,1,94,3.83,3,0,28,2.210526315789474,1,0,0,47,0,1,0
59,47,0,2,73,3.54,3,0,75,1.2291666666666667,0,0,0,12,0,1,0
94,29,2,1,67,3.59,1,1,96,3.1333333333333333,1,0,0,65,1,0,0
39,9,2,0,39,4.64,0,1,48,3.9,0,1,0,30,1,0,1
29,8,0,2,79,4.26,2,1,133,3.2222222222222223,0,1,0,21,1,0,0
81,34,2,2,98,3.55,0,1,164,2.3142857142857145,0,0,0,47,1,0,0
91,31,2,1,12,4.39,3,0,39,2.84375,1,0,0,60,0,1,0
97,75,2,2,76,4.7,3,0,158,1.2763157894736843,1,0,0,22,0,1,0
50,25,2,2,89,4.74,0,0,107,1.9230769230769231,0,0,0,25,0,0,0
96,20,1,0,88,3.6,1,1,71,4.571428571428571,1,0,0,76,1,0,1
64,7,1,1,92,4.58,1,1,16,8.0,0,1,0,57,1,0,0
49,30,2,1,7,3.97,0,1,77,1.5806451612903225,0,0,0,19,1,0,0
52,22,1,0,72,3.6,2,1,101,2.260869565217391,0,0,0,30,1,0,1
90,56,1,2,61,4.38,3,1,91,1.5789473684210527,1,0,0,34,1,1,0
98,25,1,2,30,4.76,0,0,60,3.769230769230769,1,0,0,73,0,0,0
60,16,2,0,68,4.23,3,0,108,3.5294117647058822,0,0,0,44,0,1,1
56,34,1,2,1,4.56,0,0,121,1.6,0,0,0,22,0,0,0
39,12,1,1,54,3.77,2,1,176,3.0,0,0,0,27,1,0,0
99,31,2,2,0,3.54,2,0,50,3.09375,1,0,0,68,0,0,0
91,80,0,0,74,4.74,3,0,46,1.123456790123457,1,0,0,11,0,1,1
42,20,2,2,88,4.64,3,1,29,2.0,0,0,0,22,1,1,0
66,49,0,0,42,4.56,0,0,124,1.32,0,0,0,17,0,0,1
74,53,1,1,60,3.93,3,0,162,1.3703703703703705,0,0,0,21,0,1,0
82,13,1,0,32,3.58,3,0,148,5.857142857142857,1,0,0,69,0,1,1
84,62,2,2,52,4.61,0,0,29,1.3333333333333333,1,0,0,22,0,0,0
92,45,0,2,59,4.23,2,1,121,2.0,1,0,0,47,1,0,0
93,37,2,0,37,4.75,3,0,76,2.4473684210526314,1,0,0,56,0,1,1
61,36,2,2,72,4.64,3,1,109,1.6486486486486487,0,0,0,25,1,1,0
79,64,0,1,91,4.57,3,0,164,1.2153846153846153,0,0,0,15,0,1,0
95,53,1,2,6,4.01,0,1,158,1.7592592592592593,1,0,0,42,1,0,0
63,13,0,1,74,4.95,0,1,102,4.5,0,0,0,50,1,0,0
69,12,1,1,42,4.34,0,1,158,5.3076923076923075,0,0,0,57,1,0,0
36,18,2,2,88,3.73,3,1,92,1.894736842105263,0,0,0,18,1,1,0
21,9,1,0,13,4.01,1,0,127,2.1,0,1,0,12,0,0,1
100,56,1,2,67,4.2,1,0,169,1.7543859649122806,1,0,0,44,0,0,0
51,32,0,1,98,4.44,2,1,51,1.5454545454545454,0,0,0,19,1,0,0
26,11,2,1,97,3.64,2,0,141,2.1666666666666665,0,0,0,15,0,0,0
73,28,2,2,22,4.57,0,0,53,2.5172413793103448,0,0,0,45,0,0,0
37,7,1,1,1,3.92,1,0,62,4.625,0,1,0,30,0,0,0
20,10,0,2,70,4.92,1,0,65,1.8181818181818181,0,1,0,10,0,0,0
48,24,0,0,17,3.98,0,0,29,1.92,0,0,0,24,0,0,1
94,23,1,1,71,4.15,3,1,154,3.9166666666666665,1,0,0,71,1,1,0
36,16,2,1,82,4.62,0,1,72,2.1176470588235294,0,0,0,20,1,0,0
83,18,2,0,12,4.98,2,0,81,4.368421052631579,1,0,0,65,0,0,1
52,7,0,2,57,4.82,3,0,180,6.5,0,1,0,45,0,1,0
99,22,1,2,7,4.4,2,0,39,4.304347826086956,1,0,0,77,0,0,0
24,9,2,0,6,4.05,0,1,69,2.4,0,1,0,15,1,0,1
32,6,0,0,75,4.47,2,1,154,4.571428571428571,0,1,0,26,1,0,1
61,15,2,0,29,4.49,0,0,32,3.8125,0,0,0,46,0,0,1
93,73,0,1,78,3.81,3,1,106,1.2567567567567568,1,0,0,20,1,1,0
84,29,2,1,92,4.55,2,1,94,2.8,1,0,0,55,1,0,0
60,11,1,0,18,4.29,1,0,26,5.0,0,0,0,49,0,0,1
22,12,2,2,49,4.88,3,1,35,1.6923076923076923,0,0,0,10,1,1,0
92,14,2,2,57,3.73,2,1,133,6.133333333333334,1,0,0,78,1,0,0
45,20,2,1,80,4.73,2,0,63,2.142857142857143,0,0,0,25,0,0,0
56,14,1,2,30,3.67,3,0,48,3.7333333333333334,0,0,0,42,0,1,0
39,20,0,2,97,4.25,2,0,121,1.8571428571428572,0,0,0,19,0,0,0
61,38,2,2,95,3.5,3,0,164,1.564102564102564,0,0,0,23,0,1,0
100,24,2,2,88,4.49,3,0,56,4.0,1,0,0,76,0,1,0
96,53,0,1,58,4.28,0,0,21,1.7777777777777777,1,0,0,43,0,0,0
94,28,2,1,59,4.45,3,0,173,3.2413793103448274,1,0,0,66,0,1,0
62,14,0,2,33,4.23,2,1,85,4.133333333333334,0,0,0,48,1,0,0
54,35,0,0,95,4.98,1,1,61,1.5,0,0,0,19,1,0,1
51,24,0,0,25,4.68,0,1,16,2.04,0,0,0,27,1,0,1
73,22,1,1,26,4.99,3,0,33,3.1739130434782608,0,0,0,51,0,1,0
53,35,1,1,1,3.67,2,1,88,1.4722222222222223,0,0,0,18,1,0,0
58,39,1,2,72,4.06,1,0,43,1.45,0,0,0,19,0,0,0
88,71,0,1,42,4.87,0,1,109,1.2222222222222223,1,0,0,17,1,0,0
83,35,0,0,3,4.32,3,1,116,2.3055555555555554,1,0,0,48,1,1,1
21,5,0,0,8,4.44,0,1,159,3.5,0,1,0,16,1,0,1
42,22,0,2,67,3.81,0,1,82,1.826086956521739,0,0,0,20,1,0,0
78,57,0,2,5,4.82,2,1,127,1.3448275862068966,0,0,0,21,1,0,0
68,32,1,1,34,3.58,2,0,77,2.0606060606060606,0,0,0,36,0,0,0
42,25,1,2,44,4.99,2,1,122,1.6153846153846154,0,0,0,17,1,0,0
45,35,0,1,0,4.58,0,1,41,1.25,0,0,0,10,1,0,0
67,6,0,1,25,4.45,1,1,31,9.571428571428571,0,1,0,61,1,0,0
77,45,1,2,88,4.16,2,0,151,1.673913043478261,0,0,0,32,0,0,0
74,23,2,1,45,4.07,2,1,99,3.0833333333333335,0,0,0,51,1,0,0
48,38,0,0,40,3.7,1,1,80,1.2307692307692308,0,0,0,10,1,0,1
100,16,0,0,96,3.65,3,1,163,5.882352941176471,1,0,0,84,1,1,1
26,12,2,1,80,4.27,0,0,134,2.0,0,0,0,14,0,0,0
67,5,1,2,81,4.53,2,1,14,11.166666666666666,0,1,0,62,1,0,0
80,21,2,1,85,4.21,2,1,146,3.6363636363636362,0,0,0,59,1,0,0
52,16,2,2,63,4.13,2,0,49,3.0588235294117645,0,0,0,36,0,0,0
100,64,0,1,7,4.89,3,1,115,1.5384615384615385,1,0,0,36,1,1,0
36,24,1,2,88,4.22,3,1,83,1.44,0,0,0,12,1,1,0
75,32,2,2,20,3.69,1,1,96,2.272727272727273,0,0,0,43,1,0,0
39,12,2,1,70,4.02,2,1,66,3.0,0,0,0,27,1,0,0
88,62,2,1,62,4.82,0,0,162,1.3968253968253967,1,0,0,26,0,0,0
57,45,0,0,78,4.43,0,1,112,1.2391304347826086,0,0,0,12,1,0,1
73,34,2,1,95,4.31,2,1,21,2.085714285714286,0,0,0,39,1,0,0
56,19,1,2,16,4.46,1,1,86,2.8,0,0,0,37,1,0,0
63,31,1,2,2,3.81,1,1,160,1.96875,0,0,0,32,1,0,0
75,42,1,2,38,4.25,0,0,146,1.744186046511628,0,0,0,33,0,0,0
38,8,1,2,59,4.44,3,1,75,4.222222222222222,0,1,0,30,1,1,0
90,10,0,2,59,4.44,2,1,147,8.181818181818182,1,1,1,80,1,0,0
82,10,2,2,97,4.43,3,0,177,7.454545454545454,1,1,1,72,0,1,0
21,6,1,1,15,3.81,1,1,80,3.0,0,1,0,15,1,0,0
49,28,2,2,61,3.9,1,1,172,1.6896551724137931,0,0,0,21,1,0,0
22,5,0,2,93,4.85,1,0,99,3.6666666666666665,0,1,0,17,0,0,0
35,18,2,0,27,3.82,2,0,158,1.8421052631578947,0,0,0,17,0,0,1
34,12,1,1,3,4.83,3,1,62,2.6153846153846154,0,0,0,22,1,1,0
50,15,1,1,62,4.51,3,0,83,3.125,0,0,0,35,0,1,0
23,7,0,0,98,4.35,2,0,76,2.875,0,1,0,16,0,0,1
65,10,2,1,77,4.36,0,0,170,5.909090909090909,0,1,0,55,0,0,0
32,14,1,2,80,3.56,0,1,80,2.1333333333333333,0,0,0,18,1,0,0
28,9,2,2,68,4.82,1,1,43,2.8,0,1,0,19,1,0,0
100,18,1,2,50,4.89,2,1,51,5.2631578947368425,1,0,0,82,1,0,0
48,18,0,2,60,4.47,0,1,124,2.526315789473684,0,0,0,30,1,0,0
65,41,0,0,51,3.57,3,1,48,1.5476190476190477,0,0,0,24,1,1,1
47,15,2,0,14,4.84,3,0,89,2.9375,0,0,0,32,0,1,1
58,19,2,2,47,3.97,1,0,77,2.9,0,0,0,39,0,0,0
29,8,2,0,52,4.68,0,1,121,3.2222222222222223,0,1,0,21,1,0,1
61,5,0,1,48,4.15,2,0,29,10.166666666666666,0,1,0,56,0,0,0
27,12,1,2,1,4.93,1,0,41,2.076923076923077,0,0,0,15,0,0,0
92,37,0,2,7,4.92,2,1,103,2.4210526315789473,1,0,0,55,1,0,0
22,11,1,2,79,4.48,3,0,15,1.8333333333333333,0,0,0,11,0,1,0
87,48,1,2,95,4.73,2,0,162,1.7755102040816326,1,0,0,39,0,0,0
87,33,0,1,53,4.15,1,0,143,2.5588235294117645,1,0,0,54,0,0,0
69,36,1,0,55,4.74,2,0,109,1.864864864864865,0,0,0,33,0,0,1
35,22,0,2,82,3.79,0,0,174,1.5217391304347827,0,0,0,13,0,0,0
46,9,1,2,67,4.22,1,1,47,4.6,0,1,0,37,1,0,0
52,23,2,1,41,4.23,1,0,134,2.1666666666666665,0,0,0,29,0,0,0
99,89,2,2,63,4.84,0,0,16,1.1,1,0,0,10,0,0,0
40,11,0,2,1,4.24,3,1,35,3.3333333333333335,0,0,0,29,1,1,0
44,28,0,0,30,3.93,1,1,42,1.5172413793103448,0,0,0,16,1,0,1
54,21,2,2,23,4.44,1,1,136,2.4545454545454546,0,0,0,33,1,0,0
76,60,1,1,81,3.6,1,1,72,1.2459016393442623,0,0,0,16,1,0,0
59,9,1,2,30,4.83,0,0,140,5.9,0,1,0,50,0,0,0
60,15,1,1,95,4.84,0,0,180,3.75,0,0,0,45,0,0,0
41,6,2,2,56,4.32,3,0,11,5.857142857142857,0,1,0,35,0,1,0
25,15,1,1,88,4.68,0,1,31,1.5625,0,0,0,10,1,0,0
97,45,2,2,90,3.71,2,1,151,2.108695652173913,1,0,0,52,1,0,0
92,35,1,1,46,4.72,2,0,45,2.5555555555555554,1,0,0,57,0,0,0
25,8,0,1,30,4.44,3,0,115,2.7777777777777777,0,1,0,17,0,1,0
77,34,0,0,33,4.13,3,1,48,2.2,0,0,0,43,1,1,1
42,12,0,0,92,4.5,0,0,123,3.230769230769231,0,0,0,30,0,0,1
37,10,2,2,33,4.86,0,0,44,3.3636363636363638,0,1,0,27,0,0,0
90,71,1,0,88,3.84,2,0,167,1.25,1,0,0,19,0,0,1
91,65,2,1,40,3.58,1,0,141,1.378787878787879,1,0,0,26,0,0,0
36,13,0,2,31,4.71,3,0,71,2.5714285714285716,0,0,0,23,0,1,0
71,13,0,2,60,4.3,3,1,62,5.071428571428571,0,0,0,58,1,1,0
96,45,2,1,6,4.95,0,1,11,2.0869565217391304,1,0,0,51,1,0,0
97,64,0,2,62,3.52,2,1,152,1.4923076923076923,1,0,0,33,1,0,0
91,73,2,0,61,4.39,3,0,15,1.2297297297297298,1,0,0,18,0,1,1
88,56,0,1,11,4.36,0,0,60,1.543859649122807,1,0,0,32,0,0,0
61,12,0,0,59,4.72,0,1,178,4.6923076923076925,0,0,0,49,1,0,1
30,14,2,2,64,4.45,0,0,147,2.0,0,0,0,16,0,0,0
76,53,2,1,77,3.67,0,1,179,1.4074074074074074,0,0,0,23,1,0,0
58,34,0,0,19,4.55,2,1,131,1.6571428571428573,0,0,0,24,1,0,1
